BBRef_Player_ID,Player,Twitter
o/obertfa01,Fabricio Oberto,obricio7
w/whitero03,Royce White,Highway_30
f/feliccr01,Cristiano Felício,IamFelicio
c/cornepe01,Petr Cornelie,Petr_Cornelie
k/kurucro01,Rodions Kurucs,RODIONS1
s/saundwe01,Wesley Saunders,shyxxm
v/vandeja01,Jarred Vanderbilt,JVando
w/whiteha01,Hassan Whiteside,youngwhiteside
u/upsharo01,Robert Upshaw,UPSHAW50
p/paigema01,Marcus Paige,marcuspaige5
b/brownbr01,Bruce Brown,BruceBrown11
b/biyombi01,Bismack Biyombo,bismackbiyombo
a/alexacl01,Cliff Alexander,CAlexander
h/higgico01,Cory Higgins,chiggins11
n/naderab01,Abdel Nader,AbdelNader2
d/diallha01,Hamidou Diallo,hamidoudiallo
e/ejimme01,Melvin Ejim,MelvinEjim
m/meltode01,De'Anthony Melton,DeAnthonyMelton
b/blatcan01,Andray Blatche,drayblatche
p/pettete01,Terran Petteway,_TP5
w/wallaty01,Tyrone Wallace,TyWallace661
m/mykhasv01,Sviatoslav Mykhailiuk,Sviat_10
m/mccontj01,T.J. McConnell,TJMcConnell
p/plumlma02,Marshall Plumlee,marshallplumlee
b/bateske01,Keita Bates-Diop,KBD_33
w/wilbesc01,Scottie Wilbekin,scottiew_5
m/metuch01,Chimezie Metu,Chimezie_Metu
w/willijo03,Jordan Williams,Jwilliams20
j/johnsal02,Alize Johnson,AlizeJohnson
h/hobsoda01,Darington Hobson,ParkaySmooth
w/willilo02,Lou Williams,TeamLou23
h/harriaa01,Aaron Harrison,AaronICE2
c/carrto01,Tony Carr,Tone10Carr
p/pachuza01,Zaza Pachulia,zaza27
w/woodch01,Christian Wood,Chriswood_5
k/kuzmimi01,Mindaugas Kuzminskas,MKuzminskas
e/edwarvi01,Vince Edwards,VE_12
p/pargoje01,Jeremy Pargo,ImJustPargo
m/marjabo01,Boban Marjanović,BobanMarjanovic
j/jankost01,Stefan Janković,StefanJ33
s/simmojo02,Jonathon Simmons,ThaRealJsimms
f/finnedo01,Dorian Finney-Smith,doefinney_10
m/miltosh01,Shake Milton,SniperShake
h/honeyty01,Tyler Honeycutt,thoneycutt23
w/whiteok01,Okaro White,owhite10
k/kulboar01,Arnoldas Kulboka,kulboka98
b/brackcr01,Craig Brackins,Cbrackins_33
t/toupaax01,Axel Toupane,toups_33
h/houseda01,Danuel House,DanuelHouseJr
s/spaldra01,Ray Spalding,RaySpalding_4
w/willite01,Terrence Williams,TheRealTWill
s/scottsh02,Shannon Scott,3SScott
b/brussni01,Nicolás Brussino,nicoobrussino
h/herveke01,Kevin Hervey,kherv_25
h/hornede01,Dennis Horner,DHorner31
a/arcidry01,Ryan Arcidiacono,RyArch15
w/welshth01,Thomas Welsh,tomwelsh40
f/famouja01,Jarrid Famous,MrFamous_CME
f/forbebr01,Bryn Forbes,BrynjForbes
k/kingge03,George King,2bkings
h/hudsole01,Lester Hudson,Lester26Hudson
v/vanvlfr01,Fred VanVleet,FredVanVleet
a/antetko01,Kostas Antetokounmpo,Kostas_ante13
b/brezepr01,Primož Brezec,Primozbrezec
h/huntech01,Chris Hunter,biggame_hunter
m/mejrisa01,Salah Mejri,50Mejri
c/costema01,Matt Costello,MattCostello10
n/newmama01,Malik Newman,iammaliknewman
c/colliky01,Kyle Collinsworth,bigrussia5
a/adamsja01,Jaylen Adams,10jadams
m/mockeeg01,Egidijus Mockevičius,Egidijus55
m/macurjp01,J.P. Macura,jpmacura
b/brockjo01,Jon Brockman,MrJonBrockman
w/whitete01,Terrico White,TerricoWhite5
h/hornske01,Keith Hornsby,KHornsby4
p/perkike01,Kendrick Perkins,KendrickPerkins
g/grahatr01,Treveon Graham,TreBall21
w/warneja01,Jameel Warney,Fullcoursemeelz
t/terreja01,Jared Terrell,TheJaredTerrell
i/ibakase01,Serge Ibaka,sergeibaka
f/ferreyo01,Yogi Ferrell,YogiFerrell11
d/delgaan01,Ángel Delgado,AngelDelgado
r/randole01,Levi Randolph,LeviRandolph20
m/mcclesh01,Sheldon Mac,sheldonmacc
p/prestbi01,Billy Preston,nolimitbill
m/millema01,Malcolm Miller,MalcMili13
b/beechbe01,Beau Beech,beaubeech02
b/burtode02,Deonte Burton,DeeBurton30
i/ilyaser01,Ersan İlyasova,Ersan
t/tobeymi01,Mike Tobey,miketobey10
r/robindu01,Duncan Robinson,D_Bo20
q/quartti01,Tim Quarterman,TimQuarterman1
b/broekry01,Ryan Broekhoff,RBroekhoff45
b/barbole01,Leandro Barbosa,TheBlurBarbosa
b/brownde04,Derrick Brown,D_Brown4
m/mcconmi01,Mickey McConnell,MickeyMcConnell
g/garinpa01,Patricio Garino,patitogarino
e/evanske01,Keenan Evans,K3vans12
y/youngsa01,Sam Young,SamYoung4
w/wanambr01,Brad Wanamaker,phillybul_22
b/bakerro01,Ron Baker,RonBaker31
p/pietrmi01,Mickaël Piétrus,MickaelPietrus
w/willitr02,Troy Williams,troywilliams_
g/greenga02,Garlon Green,G650G
t/toppiob01,Obi Toppin,obitoppin1
u/uthofja01,Jarrod Uthoff,Mr_Uthoff
w/watanyu01,Yuta Watanabe,wacchi1013
b/ballla01,LaMelo Ball,MELOD1P
j/jacksda01,Darnell Jackson,DBlock_Official
z/zellelu01,Luke Zeller,LukeZeller40
f/farramu01,Mustapha Farrakhan,lilmu2
s/seldewa01,Wayne Selden,WayneSeldenJr
w/willike04,Kenrich Williams,williamskenrich
o/okongon01,Onyeka Okongwu,BigO21_
s/sikmalu01,Luke Sikma,LCSikma43
r/randlch01,Chasson Randle,ChassonRandle
b/berryjo01,Joel Berry,JoelBerryII
a/avdijde01,Deni Avdija,deniavdia8
m/moreiya01,Yanick Moreira,Ymoreira02
d/duvaltr01,Trevon Duval,DatGuy_Trey
w/wisemja01,James Wiseman,BigTicket_JW
g/georgma01,Marcus Georges-Hunt,GTMGH3
a/alkinra01,Rawle Alkins,Iam_RawleAlkins
h/hayeski01,Killian Hayes,iam_killian
p/portete01,Terry Porter,terryporter30
s/stockmi01,Michael Stockton,MikeStock20
p/poythal01,Alex Poythress,AlexTheGreat22
m/maconda01,Daryl Macon,_dmacon4
o/okorois01,Isaac Okoro,isaacokoro303
h/hollajo02,John Holland,Jholland_23
a/augusza01,Zach Auguste,ZachEliAuguste
m/matenya01,Yante Maten,YoungMoney_11
h/halibty01,Tyrese Haliburton,TyHaliburton22
j/jamesda01,Damion James,KONJames10
b/barbeca01,Cat Barber,catbarber1994
l/larrite01,Terry Larrier,_TL22
h/hicksst01,Stephan Hicks,SmoovSteph
n/nesmiaa01,Aaron Nesmith,aaronnesmith24
g/gabriwe01,Wenyen Gabriel,WenyenGabriel
m/maxeyty01,Tyrese Maxey,TyreseMaxey
t/thompry01,Ryan Thompson,RyT5
a/andrean01,Andrew Andrews,Drew_squared
m/mccoybr01,Brandon McCoy,Mccoy_blvd
b/beysa01,Saddiq Bey,_Beyyy15
p/prigipa01,Pablo Prigioni,PPrigioni9
l/ledori01,Ricky Ledo,REALRICKLEDO1
p/pulleja01,Jacob Pullen,Jpullz0
s/sulaira01,Rasheed Sulaimon,sheed_ctmd1
c/chealjo01,Joe Chealey,joe_chealey
a/achiupr01,Precious Achiuwa,PreciousAchiuwa
z/zeislni01,Nick Zeisloft,n_zeis2
l/lylesja01,Jairus Lyles,_jlyles
a/anthoco01,Cole Anthony,The_ColeAnthony
j/jannima01,Matt Janning,mjanning23
f/fordqu01,Quincy Ford,Qman_12
m/mclaujo01,Jordan McLaughlin,itsmclaughlin11
n/nunnke01,Kendrick Nunn,nunnbetter_
s/stewais01,Isaiah Stewart,Dreamville_33
j/jeffeot01,Othyus Jeffers,OthyusTheGreat
g/gibsojo01,Jonathan Gibson,jgiblife
s/smithdv01,D'Vauntes Smith-Rivera,DSR43
h/hamiljo03,Johnny Hamilton,johnny_tall
h/hamptrj01,R.J. Hampton,RjHampton14
s/stephdj01,D.J. Stephens,DdotJAY30
j/jonesla02,Lazeric Jones,Zeek_Jones11
p/pinsoth01,Theo Pinson,tpinsonn
b/bondti01,Tim Bond,itsbout_TIM
v/vassede01,Devin Vassell,Yvngdevo
h/hopsosc01,Scotty Hopson,Shopson32
j/jovanni01,Nikola Jovanović,Nik_Jovanovic
m/milleco01,Codi Miller-McIntyre,CMMPatience
t/tillmxa01,Xavier Tillman Sr.,Rookiedunker
w/willicj01,C.J. Williams,C_Will21
a/angolbr01,Braian Angola,Angola2411
h/highsha01,Haywood Highsmith,Bigscony
l/lewiski01,Kira Lewis Jr.,kiralewisjr
j/jerebjo01,Jonas Jerebko,JonasJerebko
e/exumda01,Dante Exum,daanteee
c/carroje01,Jeffrey Carroll,J30Carroll
s/smithja04,Jalen Smith,thejalen_smith
c/caracde01,Derrick Caracter,RebuildCaracter
j/jetereu01,Eugene Jeter,PoohJeter
n/nurkiju01,Jusuf Nurkić,bosnianbeast27
l/leeda03,Damion Lee,Dami0nLee
w/willijo04,Johnathan Williams,Iam_J3
c/cabocbr01,Bruno Caboclo,Bruno_Caboclo
a/avilajj01,J.J. Avila,NotLilJay
c/clarkga01,Gary Clark,Gary11_Clark
j/johnsam01,Amir Johnson,IamAmirJohnson
c/capelca01,Clint Capela,CapelaClint
s/stutzga01,Garrett Stutz,Gstutz41
j/jonesde02,Derrick Jones Jr.,TheRea1DJones
b/barfoja01,Jaylen Barford,Jbarford1
o/oturuda01,Daniel Oturu,oturu65
b/bogdabo01,Bogdan Bogdanović,LeaderOfHorde
h/harrish01,Shaquille Harrison,ShaqHarrison_3
w/wilkiis01,Isaiah Wilkins,isaiahwilkins21
b/bertada02,Dairis Bertāns,DairisBertans
w/willipa01,Patrick Williams,patricklw4
j/johnsar02,Armon Johnson,AJALLDAY1
i/inglida01,Damien Inglis,DamienINGLIS
m/mackla01,Lamont Mack,MONT_MACK
w/wiltjky01,Kyle Wiltjer,kwiltj
s/smithza01,Zach Smith,SuperDuperZach
n/nnajize01,Zeke Nnaji,ZekeNnaji_Hoopz
a/antetth01,Thanasis Antetokounmpo,Thanasis_ante43
k/koshwma01,Mac Koshwal,Macmainstreet
p/paytoga02,Gary Payton II,GaryPaytonII
p/pelleno01,Norvel Pelle,NorvelPelle05
d/dempsco01,Cody Demps,CodyDemps
m/mcdanja02,Jaden McDaniels,Jmcdaniels7
j/johnsav01,Avery Johnson,CoachAvery6
t/taylois01,Isaiah Taylor,Zay_Ctmd11
t/terryem01,Emanuel Terry,EmanuelTerry08
h/hannadu01,Dusty Hannahs,D_Hannahs
c/carusal01,Alex Caruso,ACFresh21
l/loydjo01,Jordan Loyd,mrjloyd
j/jonesje01,Jemerrio Jones,JemerrioJ
d/dangune01,Nemanja Dangubić,DangubicNemanja
g/gibsoxa01,Xavier Gibson,zaygibson
b/barnejo01,Jordan Barnett,JBounce33
s/sandeja01,Jamarr Sanders,2_E_A_Z_Y
w/walkuth01,Thomas Walkup,twalkup23
g/grayro01,Rob Gray,iRob_G
c/casspom01,Omri Casspi,Casspi18
l/laproni01,Nicolás Laprovíttola,nicolapro7
w/willizi01,Zion Williamson,Zionwilliamson
b/bakumgr01,Gracin Bakumanya,gbakumanya
l/loftoza01,Zach Lofton,ZachLofton
m/moranja01,Ja Morant,JaMorant
b/baldwka01,Kamar Baldwin,kamar3baldwin
s/sampsja02,JaKarr Sampson,KarrSampson14
c/cookede01,Derek Cooke,DCookeJr
b/barrerj01,RJ Barrett,RjBarrett6
b/banede01,Desmond Bane,DBane0625
r/roberro01,Ronald Roberts,RonaldRoberts5
d/delanma01,Malcolm Delaney,foe23
m/magetjo01,Josh Magette,joshmagette
l/leema02,Marcus Lee,JustMarcusLee
h/huntede01,De'Andre Hunter,DreHunter
r/richapa01,Patrick Richard,prichard_3
h/haasis01,Isaac Haas,theoriginalhaas
g/garlada01,Darius Garland,dariusgarland22
b/bolmale01,Leandro Bolmaro,BolmaroLeandro
c/cooleja01,Jack Cooley,JackCooligan45
g/goodrve01,Vernon Goodridge,VeEG00D
f/fernava01,Vashil Fernandez,vashilluv_bball
c/culveja01,Jarrett Culver,jarrettc08
m/moreler01,Eric Moreland,EricMoreland15
w/whiteco01,Coby White,CobyWhite
c/clavevi01,Victor Claver,Victor_Claver
j/johnsda03,Darius Johnson-Odom,KingMe_DJ1
n/ndiayma03,Mamadou N'Diaye,mamadoundiaye14
s/stewael01,Elijah Stewart,Lou_weezy_ana
h/hayesja02,Jaxson Hayes,hayes_jaxson
k/kuricky01,Kyle Kuric,KingKK_14
n/nashle01,Le'Bryan Nash,LBgetbuckets02
a/akoonde01,DeVaughn Akoon-Purcell,dap44_
h/hachiru01,Rui Hachimura,rui_8mura
t/tayloto01,Tony Taylor,2cooltone
m/mooredo01,Doral Moore,2talldemondeac
r/reddica01,Cam Reddish,camreddish
j/jonesde01,DeQuan Jones,DequanMJones
g/griffer01,Eric Griffin,EGRIFFDASTORY
o/osbyro01,Romero Osby,ROEOSBY24
n/nwabada01,David Nwaba,dnwaba0
l/lewistr01,Trey Lewis,Treylew3
b/berggja01,Jared Berggren,jberggren40
g/grantdo01,Donte Grantham,DonteGrantham32
w/washipj01,P.J. Washington,PJWashington
r/rudezda01,Damjan Rudež,Damjan_Rudez
c/clantke01,Keith Clanton,Im_Keithclanton
f/fultzma01,Markelle Fultz,MarkelleF
g/goodwbr01,Brandon Goodwin,goodysav
h/herroty01,Tyler Herro,raf_tyler
e/ellebcj01,CJ Elleby,EllebyCj
b/balllo01,Lonzo Ball,ZO2_
y/yorkga01,Gabe York,gabeyork32
l/langfro01,Romeo Langford,yeahyeah22
c/collish01,Sherron Collins,SHERRONCOLLINS4
s/slaugaj01,A.J. Slaughter,ajslaughter8
t/tatumja01,Jayson Tatum,jaytatum0
j/johnsbj01,B.J. Johnson,Bean_J20
g/greenja01,JaMychal Green,Jmyke1
w/williro03,Rodney Williams,YeahRod24
j/jacksjo02,Josh Jackson,j_josh11
r/roberje01,Jeff Roberson,j5robe
a/alexani01,Nickeil Alexander-Walker,NickeilAW
d/davisjo03,Josh Davis,JoshDavis_22
w/wyattkh01,Khalif Wyatt,KhalifW05
f/foxde01,De'Aaron Fox,swipathefox
k/kingni01,Nick King,CrownMeKing5_
b/bitadgo01,Goga Bitadze,GogaBiitadze
f/forretr01,Trent Forrest,TForrest_11
y/youngpa01,Patric Young,PatricYoung4
m/mbakwtr01,Trevor Mbakwe,TMbakwe32
i/isaacjo01,Jonathan Isaac,JJudahIsaac
b/bibbsju01,Justin Bibbs,JustinBibbs10
s/samanlu01,Luka Šamanić,SamanicLuka
c/cookda02,Daequan Cook,DC4Three
b/bogdabo02,Bojan Bogdanović,44Bojan
g/grangja01,Jayson Granger,jaygranger11
m/markkla01,Lauri Markkanen,MarkkanenLauri
r/rodride01,Desi Rodriguez,desirodriguez6
t/thybuma01,Matisse Thybulle,MatisseThybulle
a/abromti01,Tim Abromaitis,timabro21
n/ntilila01,Frank Ntilikina,FrankLikina
c/chiozch01,Chris Chiozza,Chiozza11
c/clarkbr01,Brandon Clarke,brandonclarke23
j/josepkr01,Kris Joseph,RealKrisJo
e/ennisja01,James Ennis,JamesDa_Truth
r/reedom01,Omar Reed,DaJuice55
s/smithde03,Dennis Smith Jr.,Dennis1SmithJr
k/kendlti01,Tiwian Kendley,princeofharlem8
w/willigr01,Grant Williams,Grant2Will
k/kanteen01,Enes Kanter,EnesKanter
p/petertr01,Travis Peterson,TPeterson42
c/colliza01,Zach Collins,zcollins_33
s/smithsc01,Scoochie Smith,scoochstackin
h/howarma02,Markus Howard,markushoward11
s/stockda01,David Stockton,dstockton32
l/lucioko01,Korie Lucious,KorieLucious
m/monkma01,Malik Monk,AhmadMonk
a/adelde01,Deng Adel,Foreverdeng
l/littlna01,Nassir Little,2ez_nassie
h/hugheel01,Elijah Hughes,elijahhughes4_
e/eddieja01,Jarell Eddie,JarellEddie
k/kennalu01,Luke Kennard,LukeKennard5
c/colsobo01,Bonzie Colson,Bacolson35
w/windldy01,Dylan Windler,Dylan_Windler23
j/joeis01,Isaiah Joe,zai_joe1
c/crawfjo01,Joe Crawford,JoeCrawford5
s/singlej01,E.J. Singler,EJSingler
m/mitchdo01,Donovan Mitchell,spidadmitchell
j/johnsro02,Robert Johnson,RoJoJr
k/kabenmf01,Mfiondu Kabengele,Mfiondu
j/jonesma05,Mason Jones,masonjones2
p/prathca01,Casey Prather,cprather24
h/haginja01,Jamelle Hagins,JamelleHagins
a/adebaba01,Bam Adebayo,Bam1of1
g/gateska01,Kaiser Gates,Kaisergates
k/knighna01,Nathan Knight,nateknght
w/wilsoja02,Jamil Wilson,jamilwilson_22
k/kabonmy01,Myck Kabongo,MyckK9
j/jacksju01,Justin Jackson,JJacks_44
n/nwamuik01,Ike Nwamu,ike_nwamu
j/johnske04,Keldon Johnson,imthe_truth32
d/dawkian01,Andre Dawkins,dre_dawkins
d/dunigmi01,Michael Dunigan,DarknessRises17
p/pattoju01,Justin Patton,JustinPatton17
w/walkety01,Tyrius Walker,iam_twalk
l/leesa01,Saben Lee,SabenLee
j/jonessh02,Shawn Jones,Slim_J12
w/wilsodj01,D.J. Wilson,Lanky_Smoove
e/eubandr01,Drew Eubanks,DrewEubanks12
c/claxtni01,Nicolas Claxton,_claxton33
c/carmija01,Jackie Carmichael,Jackie_C32
l/leaftj01,T.J. Leaf,leafsquad22
l/lindssc01,Scottie Lindsey,ScottieLindsey
o/okpalkz01,KZ Okpala,kz_okpala_
b/birchkh01,Khem Birch,Khem_Birch
c/collijo01,John Collins,jcollins20_
s/starkjo02,Jonathan Stark,jonathanstark02
e/edwarca01,Carsen Edwards,Cboogie_3
m/mayssk01,Skylar Mays,skylarmays4
g/gallola01,Langston Galloway,LangGalloway10
m/mbayeam01,Amath M'Baye,Amath22Juice
g/gilesha01,Harry Giles,HGiiizzle
k/kaneis01,Ismaila Kane,ladsame1997
f/fernabr01,Bruno Fernando,BrunoFernandoMV
w/weartr01,Travis Wear,traviswear
m/mahalba01,Rašid Mahalbašić,RasidMahalbasic
f/fergute01,Terrance Ferguson,Fergskii
r/reynoca01,Cameron Reynolds,CamoCinco
l/louzama01,Didi Louzada,Didi
n/ndoyeab01,Abdoulaye N'Doye,Ndoye_11
c/craftaa01,Aaron Craft,ACraft4
g/greenro01,Rodney Green,rodneygreen10
a/allenja01,Jarrett Allen,_bigjayy_
o/omotnu01,Nuni Omot,nuniomot21
m/martico01,Cody Martin,cody_martin15
w/wattmi01,Mitchell Watt,mitchell_watt
l/lydonty01,Tyler Lydon,Tyler_Lydon14
a/austibr02,Brandon Austin,Jumpman_BA
g/gaffoda01,Daniel Gafford,Dan_G33
h/henrijo01,Jordan Henriquez,TooTall2KnoSo1
p/pasecan01,Anžejs Pasečņiks,AnzejsP
d/davisde02,Devin Davis,DevDavis15
o/oriakal01,Alex Oriakhi,aoriakhi42
l/leslicj01,C.J. Leslie,ncsu_cleslie
s/swanica01,Caleb Swanigan,calebswanigan50
c/carrph01,Phillip Carr,PhilippeChow_
p/pascher01,Eric Paschall,epaschall
v/vargael01,Eloy Vargas,EVargas30
k/kuzmaky01,Kyle Kuzma,kylekuzma
s/sullita01,Taren Sullivan,sullyballer1423
s/schofad01,Admiral Schofield,admiralelite15
p/pritcpa01,Payton Pritchard,paytonpritch3
m/mcmorli01,Liam McMorrow,TheLiamMcMorrow
b/bradlto01,Tony Bradley,ToBrad1
v/vincega01,Gabe Vincent,iamgabevincent2
n/nowelja01,Jaylen Nowell,JaylenNowell
j/jackspi01,Pierre Jackson,PAPPYGAWD
w/whitede01,Derrick White,Dwhite921
g/garrebi01,Billy Garrett,BGarrett_5
r/robyis01,Isaiah Roby,roby_isaiah
q/quickim01,Immanuel Quickley,IQ_GodSon
s/schrode01,Dennis Schröder,DennisMike93
k/kouguma01,Max Kouguere,MaxOnTwitter
h/hartjo01,Josh Hart,joshhart
w/watsopa01,Paul Watson,_PWJiii
h/hortota01,Talen Horton-Tucker,Thortontucker
m/marshze01,Zeke Marshall,Ziggy_Marsh
j/jacksfr01,Frank Jackson,FWJackson15
c/cobyje01,Jeff Coby,JC40A3
b/brazdig01,Ignas Brazdeikis,_iggy_braz
j/johnsty01,Tyler Johnson,Pusha650
r/reedda01,Davon Reed,ClutchREED_5
h/humphis01,Isaac Humphries,IsaacHumphries7
m/mannte01,Terance Mann,terance_mann
i/iwundwe01,Wesley Iwundu,_Iwundu25
i/ingrado01,Donte Ingram,kingram_0
w/weathqu01,Quinndary Weatherspoon,IAM_QUINN11
s/stevela01,Lamar Stevens,LamarStevens11
m/motumbr01,Brock Motum,brockm12
w/woodsc01,Scott Wood,ScottWood15
m/masonfr01,Frank Mason III,FrankMason0
a/andercj01,C.J. Anderson,cjanderson_23
b/brantja01,Jarrell Brantley,jstuntbrantley
s/sefolth01,Thabo Sefolosha,ThaboSefolosha
b/blackta01,Tarik Black,TarikBlack25
k/kadjike01,Kenny Kadji,KadjiKenneth
r/rabbiv01,Ivan Rabb,YoungIvee
w/watertr01,Tremont Waters,WatersTremont
h/heslibr01,Brady Heslip,bradyheslip
b/boldejo01,Jonah Bolden,Jonahbolden43
m/mcdanja01,Jalen McDaniels,jalenmcdaniels5
t/tilliki02,Killian Tillie,KillianTillie
b/burtode01,Deonte Burton,DeonteBurton
o/ojelese01,Semi Ojeleye,semi
h/hoggdj01,DJ Hogg,Dj_hogg1
w/wrighju02,Justin Wright-Foreman,JayWright_3
f/fraziti01,Tim Frazier,Timfraz23
s/seeledj01,D.J. Seeley,vitaminDseeley
p/petrujo01,John Petrucelli,John_Petrucelli
s/shayoma01,Marial Shayok,MarialShayok
m/mcgruro01,Rodney McGruder,RodneyMcGruder
e/evansja01,Jawun Evans,j3vans1_
r/rodrian01,Ángel Rodríguez,angel13pr
g/guyky01,Kyle Guy,kylejguy
w/watfoch01,Christian Watford,Cwat205
b/bacondw01,Dwayne Bacon,BaconDwayne1000
p/putnera01,Raphiael Putney,RRPUTNEY3
h/handsja01,Jaylen Hands,JHANDS08
g/gaddyab01,Abdul Gaddy,Gaddy253_
d/dorsety01,Tyler Dorsey,TDORSEY_1
b/bonejo01,Jordan Bone,JordanBone23
s/serapke01,Kevin Séraphin,french_savage
l/lucaska01,Kalin Lucas,Kjay24k
s/scottdu01,Durand Scott,durand_scott
b/bryanth01,Thomas Bryant,nolimittb31
l/leewi01,William Lee,Haha34lee1
o/onimi01,Miye Oni,PrinceOni13
k/krejcvi01,Vit Krejci,v_krejci
i/inglejo01,Joe Ingles,Joeingles7
h/harteis01,Isaiah Hartenstein,Ipjh55
b/barryca01,Canyon Barry,cbarry719
h/hernade01,Dewan Hernandez,DewanGoesFor_20
j/jessuju01,Justinian Jessup,justinian_10
m/mitchak01,Akil Mitchell,ajmitchell25
m/marshan01,Anthony Marshall,ANT_MARZ3
d/denzede01,Demetrius Denzel-Dyson,DenzelDyson22
m/mellini01,Nicolò Melli,NikMelli
t/trichbr01,Brandon Triche,BrandonTriche
b/brookdi01,Dillon Brooks,dillonbrooks24
s/smithro02,Roscoe Smith,scoesh0w
b/brownst02,Sterling Brown,thatnegus_sb
r/reidna01,Naz Reid,NazReid
m/mcneaje01,Jerel McNeal,jerel_mcneal
a/anigbik01,Ike Anigbogu,IkePostrs_
s/shengto01,Tornike Shengelia,TokoShengelia23
a/andreza01,Zach Andrews,21zachandrews
t/thornsi01,Sindarius Thornwell,Sin_City_803
k/kilpase01,Sean Kilpatrick,SeanKilpatrick
c/cancavl01,Vlatko Čančar,CancarVlatko
b/brownch02,Charlie Brown,charleskbrownjr
d/dowdeza01,Zabian Dowdell,zayrd1
a/abrinal01,Álex Abrines,alexabrines
l/lessoma01,Mathias Lessort,ThiasLsf
w/wadede01,Dean Wade,deanwade3232
g/goulbla01,Lance Goulbourne,Lg5live
m/morrimo01,Monte Morris,BigGameTae
h/harpeja01,Jared Harper,Therealvinoo
e/edwaran01,Anthony Edwards,theantedwards_
d/dragigo01,Goran Dragić,Goran_Dragic
n/netora01,Raul Neto,RaulTogni
s/sumneed01,Edmond Sumner,EdmondSumner
h/hoardja01,Jaylen Hoard,JaylenHoard
a/allenka01,Kadeem Allen,AllenKadeem
k/konchjo01,John Konchar,konchjitty55
t/tateja01,Jae'Sean Tate,o_tate_
k/kazemar01,Arsalan Kazemi,kazemiworld
a/anosiod01,O.D. Anosike,Anosike_1
p/peteral01,Alec Peters,petersalec
w/wilkekr01,Kris Wilkes,kadw31
l/lauvejo01,Joffrey Lauvergne,1JOLOLO
b/birdja01,Jabari Bird,Jabari_Bird
k/kinglo02,Louis King,SweetLouu2
s/silasxa01,Xavier Silas,XavierSilas
t/thomade01,Deshaun Thomas,Deshaunthomas_0
b/bowerla01,Laurence Bowers,LBowers_21
d/dortlu01,Luguentz Dort,luthebeast
s/silerga01,Garret Siler,Big_G_21
r/robinge01,Gerald Robinson,GRJR22
b/blossja01,Jaron Blossomgame,JaronBgame
t/timmaja01,Jānis Timma,janis_timma
f/frankro01,Robert Franks,RoBo_22
s/singlse01,Sean Singletary,SeanSingletary
s/satorto01,Tomáš Satoranský,satoransky
r/releftr01,Travis Releford,T_2releFOUR
a/anunoog01,OG Anunoby,OAnunoby
n/norveza01,Zach Norvell,ZachN_23
k/kornelu01,Luke Kornet,bigshin32
c/cheatzy01,Zylan Cheatham,1KingZ4
a/aldemfu01,Furkan Aldemir,furkanaldemir19
s/suggssc01,Scott Suggs,scottro15
s/simmoko01,Kobi Simmons,JordanKobi
r/reavejo02,Josh Reaves,jreaves23
e/ebankde01,Devin Ebanks,DevinEbanks3
z/zubcito01,Tomislav Zubčić,TomislavZubcic7
c/chapmcl01,Clint Chapman,ChapFTW
y/youngmi02,Michael Young,Showwtimee2
c/cookty01,Tyler Cook,iamtc25
k/karamil01,İlkan Karaman,ilknkrmn
t/taylojo02,Jordan Taylor,JMTaylor11
m/morgaje01,Jeremy Morgan,jmodashow20
m/martike03,Kelan Martin,kelan30_
d/denmoma01,Marcus Denmon,MizzouMonster12
b/bookede02,Devin Booker,DevinBooker31
t/teodomi01,Miloš Teodosić,MilosTeodosic4
h/holmaar01,Aric Holman,AricHolman
b/bertada01,Dāvis Bertāns,DBertans_42
l/lawrean01,Andrew Lawrence,Adrlawrence
o/oliveca01,Cameron Oliver,SpaceCamm
m/martica02,Caleb Martin,Calebmartin14
s/suttoma01,Maurice Sutton,LordSuttonJr
m/mooreja02,Jalen Moore,JalenMoore14
c/clemoch01,Chris Clemons,idropcoldbucks
c/cadouju01,Junior Cadougan,JRwontLOSE
m/mckinal01,Alfonzo McKinnie,_Alvo_
s/smithje01,Jerry Smith,JSmith_8
b/bruesmi01,Mike Bruesewitz,mbruesewitz31
l/lewisje01,JeQuan Lewis,thatlewiskid1
m/mathida01,Dakota Mathias,DMathias31
k/koenibr01,Bronson Koenig,BronsonK_24
j/jeffrda01,DaQuan Jeffries,daquanjeffries2
l/leslitr01,Travis Leslie,FlightLeslie23
s/smithno01,Nolan Smith,NdotSmitty
s/stricde01,Dexter Strickland,BadenJaxen_
k/klebima01,Maxi Kleber,MaxiKleber
l/lawsode01,Dedric Lawson,DSmoove1_2many
j/jardisc01,Scoop Jardine,scoopjardine
r/robinde01,Devin Robinson,drob7nson
c/cacokde01,Devontae Cacok,Vontae__15
e/engliki01,Kim English,Englishscope24
b/bjeline01,Nemanja Bjelica,NemanjaBjelica
b/blakean01,Antonio Blakeney,blakeney96
h/halldo01,Donta Hall,_DatBoi05
b/bouchch01,Chris Boucher,chrisboucher
g/graveha01,Hassani Gravett,BestThingSince_
w/willila01,Latavious Williams,taybowl_
h/harriri01,Ricky Harris,RickyHarris5
o/onealro01,Royce O'Neale,BucketsONeale00
m/milesis01,Isaiah Miles,freakyzeke_32
c/clarkke03,Keydren Clark,KeydrenClark
c/craigto01,Torrey Craig,TCraig_23
e/ewingpa02,Patrick Ewing,pewingjr6
p/paulbr01,Brandon Paul,BP3
m/meekske01,Kennedy Meeks,Asapmeeks03
g/gantja01,Jakeenan Gant,JakeenanG23
e/eyengch01,Christian Eyenga,christeyenga31
l/llullse01,Sergio Llull,23Llull
a/abercth01,Thomas Abercrombie,tomabo10
w/willima05,Matt Williams,1mattwill2
e/ezelife01,Festus Ezeli,festus
c/cohenja01,Jake Cohen,jacohen15
w/waltode01,Derrick Walton,DerrickWalton10
g/greenja02,Javonte Green,2Xtremebounce
l/livinsh01,Shaun Livingston,ShaunLivingston
t/theisda01,Daniel Theis,dtheis10
m/martije02,Jeremiah Martin,4k_Jeremiah
l/locketr01,Trent Lockett,T_Lockett24
n/nnokola01,Landry Nnoko,landry_nnoko
p/perkijo01,Josh Perkins,JoshPerk13
a/aikencj01,C.J. Aiken,cjaiken01
c/clybuwi01,Will Clyburn,Da_Thrill21
c/clavegi01,Gian Clavell,clavelito04
r/robinju01,Justin Robinson,5Alive_
a/ashaool01,Olu Ashaolu,O_Ash
r/randaky01,Kyle Randall,KRandy_12
m/mathima01,Mangok Mathiang,M_Mango32
b/bigbyka01,Kavell Bigby-Williams,Kavell6ft11
b/baronky01,Kyle Barone,KB33_
a/aminual02,Alade Aminu,Aminu_34
c/cookech01,Charles Cooke,c4_cooke
a/alexaky01,Kyle Alexander,KyleJamal4
b/bazleda01,Darius Bazley,BazleyDarius
w/willitj01,T.J. Williams,GogettaTJWill
m/mayelu01,Luke Maye,luke_maye
b/bendejo01,Jonathan Bender,jonathanbender9
h/huntevi01,Vince Hunter,2easy32
h/hicksis01,Isaiah Hicks,IDHicks
b/brissos01,Oshae Brissett,Obrissy
h/huertma01,Marcelo Huertas,Huertas09
d/doylemi01,Milton Doyle,MDLU35
b/boothph01,Phil Booth,Philb_5
c/chandty01,Tyson Chandler,tysonchandler
m/machasc01,Scott Machado,_ScottMachado
s/senglje01,Jeremy Senglin,Jsenglin_30
p/pondssh01,Shamorie Ponds,ShamorieP
d/dandrgl01,Glen Dandridge,GD25
m/macklve01,Vernon Macklin,vernon_macklin
p/printgi01,Georgios Printezis,pripripri15
d/doziepj01,PJ Dozier,Dozier_Kid
k/kiddst01,Stanton Kidd,StantonKidd11
d/dennist01,Stephen Dennis,SDennis14
w/wiggini01,Nick Wiggins,Wiggys__WORLD
b/beachvj01,V.J. Beachem,VJBeachem
f/fallta01,Tacko Fall,tackofall99
s/stoudam01,Amar'e Stoudemire,Amareisreal
h/horfojo01,Jon Horford,Jon_Horford
w/wileyja01,Jacob Wiley,Jwiley_24
h/halljo01,Josh Hall,jay5mula
e/egwunn01,Nnanna Egwu,egwu_32
m/moorebe01,Ben Moore,JaminTheFiend
l/lawvi01,Vic Law,Followthe_LAW
h/harricj01,C.J. Harris,cjharris11
s/siberjo01,Jordan Sibert,Smooth_Jordan
c/clevean01,Antonius Cleveland,ac_uno1
h/howarwi01,William Howard,whow25
h/hilarne01,Nenê,NeneHilario42
m/mahinia01,Ian Mahinmi,ianmahinmi
w/whitean01,Andrew White,AndrewWhite03
h/hayesni01,Nigel Hayes,NIGEL_HAYES
w/witheto01,Todd Withers,DatDude_Todd
j/jacksst02,Stephen Jackson,DaTrillStak5
a/artisja01,Jamel Artis,melartis1
h/hommeda01,Daulton Hommes,dchommes
h/holyfmi01,Michael Holyfield,holybigfella
c/caupatr01,Troy Caupain,caupain10
r/robinal01,Alex Robinson,arob25_
m/makerth01,Thon Maker,ThonMaker14
a/akyolce01,Cenk Akyol,cenkakyol
r/rathaxa01,Xavier Rathan-Mayes,xrm_22
l/lecquja01,Jalen Lecque,jalenlecque10
m/marinva01,Vanja Marinković,vanjam32
n/nwaelda01,Dan Nwaelele,DanielNwaelele
p/perralo01,London Perrantes,London_Tyus
p/poirivi01,Vincent Poirier,viinze_17P
p/peaklj01,L.J. Peak,ljpeak1
s/sweetde01,Devin Sweetney,DSweetney1
b/blackja02,James Blackmon,JBlackmon2
m/monroea01,Earl Monroe,EarlThePearl_15
f/fournev01,Evan Fournier,EvanFourmizz
c/cavanty01,Tyler Cavanaugh,tycav34
m/morgaju01,Juwan Morgan,juwanmorgan
m/mudiaem01,Emmanuel Mudiay,emmanuelmudiay
j/jonesma04,Matt Jones,matt9jones
w/wooteke01,Kenny Wooten,kennywootenjr
o/oguchch01,Chamberlain Oguchi,ChampOguchi
s/sosaed01,Edgar Sosa,Edgarsosa10
m/mckintr01,Trey McKinney-Jones,TreyMJ04
d/daviste02,Terence Davis,TerenceDavisJr
o/onealje01,Jermaine O'Neal,jermaineoneal
m/mitrona01,Naz Mitrou-Long,NazzyJML
t/tuckera01,Rayjon Tucker,th3flighttuck
p/paranal01,Alexandre Paranhos,paranhos_24
t/tayloje02,Jermaine Taylor,jtaylor8ball
w/webstco01,Corey Webster,cwebster9
b/briscis01,Isaiah Briscoe,ZayBriscoe
c/cummiwi01,Will Cummings,willcummings_
j/jokpe01,Peter Jok,Jok_City14
p/peterla01,Lamar Peters,headshotpeters_
p/pressma01,Matt Pressey,M_Pressive3
l/livinde01,Denzel Livingston,denzel_trey10
b/brookar01,Armoni Brooks,snipabrooks_
r/robinmi01,Mitchell Robinson,23savage____
t/trimbme01,Melo Trimble,_STAYMELO
s/simonju01,Justin Simon,simon_Says_so
r/rodmade01,Dennis Rodman,dennisrodman
m/millsel01,Elijah Millsap,Elijah_Millsap
w/walkech02,Chris Walker,kingsky23
j/jeffeam01,Amile Jefferson,AmileJefferson
b/boldema01,Marques Bolden,MarquesB__
s/sanonis01,Issuf Sanon,SanonIssuf
b/bachyjo01,Jordan Bachynski,BLOCKchynski
h/hendete01,Terry Henderson,t_henny3
m/moonema01,Matt Mooney,MoonSwag13
s/scrubja01,Jay Scrubb,jayscrubb
z/zannata01,Talib Zanna,TalibZanna
j/johnsja04,Jaylen Johnson,JayGlooo10
m/muldemy01,Mychal Mulder,MychalMulder
s/sharpan01,Angelo Sharpless,Lo_Tatted
j/johnsja02,JaJuan Johnson,JaJuanJohnson
s/simonma01,Marko Simonovic,simke12
t/thompmy02,Mychel Thompson,MychelThompson
c/crawfan01,Drew Crawford,TheRealDrewski1
k/kelletr01,Tre Kelley,TreKel1ey
s/snaermi01,Michael Snaer,MichaelSnaer21
s/solomri01,Richard Solomon,richxsolo3
w/whittgr01,Greg Whittington,Built4Bucketz
m/mathejo01,Jordan Mathews,JordanMathews22
s/stanbch01,Chace Stanback,ChaceStanback
f/faircj02,C.J. Fair,cjfair
p/petralu01,Luke Petrasek,Luke_Petrasek
w/wiggili01,Lindell Wigginton,Lwigginton5
s/stateju01,Juwan Staten,JuwanStaten3
c/cookqu01,Quinn Cook,QCook323
b/brimaam01,Amida Brimah,amidabrimah
b/brownmo01,Moses Brown,MosesBrown_
c/crawfch02,Chris Crawford,clutchcrawford3
a/alforbr01,Bryce Alford,balford20
t/toscaju01,Juan Toscano-Anderson,juanonjuan10
t/teletmi01,Mirza Teletović,Teletovic33
t/tricetr01,Travis Trice,Ttrice20
t/thomara01,Rashawn Thomas,Sobeastly_25
m/murphjo02,Jordan Murphy,jordanmurphy24
t/turkohe01,Hedo Türkoğlu,hidoturkoglu15
n/ndoyeyo01,Youssou Ndoye,yndoye35
w/willija05,JaCorey Williams,_JWilliams22
c/callape01,Perrion Callandret,Perriontf
w/wallabe01,Ben Wallace,Fear_DaFro
t/townska01,Karl-Anthony Towns,KarlTowns
s/sykeske01,Keifer Sykes,ksykesyb
b/braunta01,Taylor Braun,taylorbraun2324
b/brownbr02,Bryce Brown,Bwb_2
w/westbch01,Charlie Westbrook,C_Westbrook1
r/russeda01,D'Angelo Russell,Dloading
q/quallmi01,Michael Qualls,Mr_WALKONAIR
b/bohanjo01,John Bohannon,johnbohannon21
y/yanyudi01,Ding Yanyuhang,OfficialDing8
o/okafoja01,Jahlil Okafor,JahlilOkafor
w/wellsde01,Dez Wells,_DezWells
y/youngbj01,B.J. Young,bjyoung_money11
p/porzikr01,Kristaps Porziņģis,kporzee
t/thompsa01,Sam Thompson,SlamIAm12
h/hentola01,LaDontae Henton,HentonBuckets23
z/zagorra01,Rade Zagorac,zagorac_rade
a/ajincal01,Alexis Ajinça,AjincaAlexis42
h/hezonma01,Mario Hezonja,mariohezonja
w/washbja01,Jason Washburn,jaywash42
p/purviro01,Rodney Purvis,Gpurvooo
b/bessja01,Javon Bess,Jb_Bizzle
c/caulewi01,Willie Cauley-Stein,THEwillieCS15
b/begicmi01,Mirza Begić,BegicMirzaBM
g/grahato01,Torian Graham,Torian_Graham
b/blevike01,Keljin Blevins,KBlevs02
j/johnsst04,Stanley Johnson,iAmSJ
w/weberbr01,Briante Weber,Sir_deuce2
d/dixonda01,Daniel Dixon,Mr_HeatCheck
o/odiasno01,Norense Odiase,kingno_
g/giddejr01,J.R. Giddens,JGidd4
k/kaminfr01,Frank Kaminsky,FSKPart3
u/udofich01,Chris Udofia,dofboyfresh34
m/murphka01,Kamari Murphy,21__louie
b/babayu01,Yudai Baba,yudai_baba
w/winslju01,Justise Winslow,IAmJustise
w/washbju01,Julian Washburn,smoothlikeju
m/mccalta01,Tahjere McCall,215tahj
s/shittsi01,Simisola Shittu,LanX_Sims
m/milescj01,C.J. Miles,masfresco
t/turnemy01,Myles Turner,Original_Turner
c/cobbimi01,Mike Cobbins,The1_MikeCobbs
m/morinya01,Yannis Morin,YannisMorin
l/lylestr01,Trey Lyles,TreyLyles
a/atkiner01,Eric Atkins,EAtkins0
h/hamilis01,Isaac Hamilton,Isaacham_10
a/almonmo01,Morris Almond,FreeMoAlmond
t/tuckeal02,Alando Tucker,DoeTuck
b/bookede01,Devin Booker,DevinBook
b/berryda01,Davion Berry,DavionBerry
p/payneca01,Cameron Payne,campayne
w/willial03,Alan Williams,alantwilliams
o/oubreke01,Kelly Oubre Jr.,KELLYOUBREJR
m/munfoxa02,Xavier Munford,xaviermunford
w/willide04,Derek Willis,derekxwillis
g/goberru01,Rudy Gobert,rudygobert27
r/roziete01,Terry Rozier,T_Rozzay3
f/fellsco01,Courtney Fells,Papi_Fells
t/thomptr03,Trevor Thompson,TrevBallinTrey2
v/vaughra01,Rashad Vaughn,ShowtimeMr1
s/simmobe01,Ben Simmons,BenSimmons25
k/keitati01,Tidjan Keita,KTidjan
t/tylerje01,Jeremy Tyler,jeremytyler3
d/dekkesa01,Sam Dekker,dekker
i/ingrabr01,Brandon Ingram,B_Ingram13
p/pollake01,Kendall Pollard,__KP
g/gortama01,Marcin Gortat,MGortat
g/grantje02,Jerian Grant,JerianGrant
b/bendedr01,Dragan Bender,DBender03
i/iroegik01,Ike Iroegbu,Be_LikeIKE
a/antetgi01,Giannis Antetokounmpo,Giannis_An34
w/wrighde01,Delon Wright,delonwright
d/dunnkr01,Kris Dunn,KrisDunn3
l/lovinma01,Marc Loving,lovingthegame32
u/udrihbe01,Beno Udrih,BenoUdrih1
a/anderju01,Justin Anderson,JusAnderson1
h/hieldbu01,Buddy Hield,buddyhield
o/ouattya01,Yakuba Ouattara,yakubaouattara
b/buchash01,Shaq Buchanan,ShaqLeroy
p/portibo01,Bobby Portis,BPortistime
m/murraja01,Jamal Murray,BeMore27
h/henrymy01,Myke Henry,mykehenry20
h/holliro01,Rondae Hollis-Jefferson,IAmCHAP24
c/chrisma01,Marquese Chriss,quese
g/grayjo01,Josh Gray,ThatsJoshGray
j/jonesty01,Tyus Jones,1Tyus
p/poeltja01,Jakob Poeltl,JakobPoeltl
l/lemonwa01,Walt Lemon Jr.,WaltLemon
m/martija01,Jarell Martin,MartinJarell
s/sabondo01,Domantas Sabonis,Dsabonis11
m/morrija01,Jaylen Morris,jay_morris30
m/motiedo01,Donatas Motiejūnas,DonatasMot
m/milutni01,Nikola Milutinov,NMilutinov
p/princta02,Taurean Prince,taureanprince
a/asikom01,Ömer Aşık,AsikOmer
n/nancela02,Larry Nance Jr.,Larrydn22
p/papagge01,Georgios Papagiannis,G_P_06
g/greendo01,Donté Greene,dontegreeneCOS
v/valende01,Denzel Valentine,denzelvalentine
a/aytonde01,Deandre Ayton,DeandreAyton
m/mcculch01,Chris McCullough,briskuno
h/hernaju01,Juan Hernangómez,juanchiviris41
b/baglema01,Marvin Bagley III,MB3FIVE
v/varejan01,Anderson Varejão,VAREJAOANDERSON
l/looneke01,Kevon Looney,Loon_Rebel5
y/yabusgu01,Guerschon Yabusele,DTP_Mario
d/doncilu01,Luka Dončić,luka7doncic
o/osmande01,Cedi Osman,cediosman
b/baldwwa01,Wade Baldwin,The_Fourth_Wade
j/jacksja02,Jaren Jackson Jr.,jarenjacksonjr
g/griffta01,Taylor Griffin,tgriff32
h/harremo01,Montrezl Harrell,MONSTATREZZ
e/ellenhe01,Henry Ellenson,HenryEllenson13
y/youngtr01,Trae Young,TheTraeYoung
a/ayongu01,Gustavo Ayón,Gustavo_Ayon15
m/murphke01,Kevin Murphy,KMurph_55
m/mickejo01,Jordan Mickey,Jmickey_02
b/beaslma01,Malik Beasley,Mb5Malik
b/bambamo01,Mo Bamba,TheRealMoBamba
v/veselja01,Jan Veselý,JanVesely24
b/brownan02,Anthony Brown,TwoShotOne
l/leverca01,Caris LeVert,CarisLeVert
c/cartewe01,Wendell Carter Jr.,wendellcarter34
h/hernawi01,Willy Hernangómez,willyhg94
b/bembrde01,DeAndre' Bembry,fearthefro95
s/sextoco01,Collin Sexton,CollinSexton02
h/haddaha01,Hamed Haddadi,HamedHaddadi15
c/chrisra01,Rakeem Christmas,R_Xmas25
r/richama01,Malachi Richardson,KingMali23
k/knoxke01,Kevin Knox,KevKnox
n/nachbbo01,Boštjan Nachbar,BokiNachbar
h/holmeri01,Richaun Holmes,Rich_Holmes22
z/zizican01,Ante Žižić,Ante__Zizic
b/bridgmi01,Mikal Bridges,mikal_bridges
h/hillida01,Darrun Hilliard,DHilliard6X
l/luwawti01,Timothé Luwawu-Cabarrot,timcabs
g/gilgesh01,Shai Gilgeous-Alexander,shaiglalex
t/tavarwa01,Edy Tavares,waltertavares22
b/bargnan01,Andrea Bargnani,AndreaBargnani
v/vujacsa01,Sasha Vujačić,SashaVujacic
r/richajo01,Josh Richardson,J_Rich1
j/johnsbr02,Brice Johnson,bjohnson_23
b/bridgmi02,Miles Bridges,MilesBridges
k/korkmfu01,Furkan Korkmaz,FurkanKorkmaz
r/robinje01,Jerome Robinson,Rome_Coldbucks1
y/youngjo01,Joe Young,JoeyBuckets3
s/siakapa01,Pascal Siakam,pskills43
p/portemi01,Michael Porter Jr.,MPJr
h/harrian01,Andrew Harrison,DrewRoc5
l/labissk01,Skal Labissière,OneBigHaitian
b/browntr01,Troy Brown Jr.,Troy_Brown33
t/thornma02,Marcus Thornton,M3Thornton
m/murrade01,Dejounte Murray,DejounteMurray
s/smithzh01,Zhaire Smith,zhaire_smith
m/mathega01,Garrison Mathews,gmathews_24
p/powelno01,Norman Powell,npowell2404
j/jonesda03,Damian Jones,dameology
d/divindo01,Donte DiVincenzo,Divincenzo
g/gudaiar01,Artūras Gudaitis,GudaitisAG
d/davisde01,Deyonta Davis,DeyontaDavis_04
w/walkelo01,Lonnie Walker,lonniewalker_4
c/coffeam01,Amir Coffey,coffeyshop_
j/johnsda04,Dakari Johnson,DakariJohnson
z/zubaciv01,Ivica Zubac,ivicazubac
h/huertke01,Kevin Huerter,KevinHuerter
s/silvach01,Chris Silva,SilvaObame
b/batumni01,Nicolas Batum,nicolas88batum
h/hansbbe01,Ben Hansbrough,bhans23
w/whiteaa01,Aaron White,Aaron_White30
d/diallch01,Cheick Diallo,cheick_diallo13
o/okogijo01,Josh Okogie,CallMe_NonStop
k/krameda01,David Kramer,K7davidK
u/ulisty01,Tyler Ulis,tulis3
a/allengr01,Grayson Allen,GraysonJAllen
o/okekech01,Chuma Okeke,chuma_okeke
h/harvety01,Tyler Harvey,YoungTRaaw
b/brogdma01,Malcolm Brogdon,MalcolmBrogdon7
h/hutchch01,Chandler Hutchison,CmoHutchison
b/bowmaky01,Ky Bowman,KyranBowman
s/singhsa01,Satnam Singh,hellosatnam
o/onuakch01,Chinanu Onuaku,chinanu_onuaku
h/holidaa01,Aaron Holiday,The_4th_Holiday
b/bolbo01,Bol Bol,BolBol
h/harpeju01,Justin Harper,Tru_Harp32
p/pointsi01,Sir'Dominic Pointer,Sirdom1
m/mccawpa01,Patrick McCaw,PMcCaw0
s/simonan01,Anfernee Simons,AnferneeSimons
j/jamesju01,Justin James,1JustinJames
d/diezda01,Dani Díez,danidiez11
w/wagnemo01,Moritz Wagner,moritz_weasley
h/hillah01,Ahmed Hill,MED_XIII
w/weaveky01,Kyle Weaver,kyleweaver5
l/lalanca01,Cady Lalanne,Lac25_
s/stonedi01,Diamond Stone,Diamond_Stone33
s/shamela01,Landry Shamet,landryshamet
k/konatsa01,Sagaba Konate,sagaba50
n/noelne01,Nerlens Noel,NerlensNoel3
z/zimmest01,Stephen Zimmerman,BIGG_ZIMM
w/williro04,Robert Williams,rob_williamsIII
w/willini01,Nigel Williams-Goss,NigelWG5
n/noguelu01,Lucas Nogueira,Bebe92
w/webstma02,Martell Webster,MartellWebster
r/radicni01,Nikola Radičević,nikoradicevic
w/whiteis01,Isaiah Whitehead,isaiahwhitehead
e/evansja02,Jacob Evans,JacobEvans_1
t/tokotjp01,J.P. Tokoto,AirPierreTokoto
q/qizh01,Zhou Qi,officialzhouqi
m/musadz01,Džanan Musa,DzMusa
h/harrite01,Terrel Harris,T_Harris87
w/weemsso01,Sonny Weems,Sonny13
c/cordiis01,Isaïa Cordinier,izaycordinier
s/spellom01,Omari Spellman,Omarispellman
b/belinma01,Marco Belinelli,marcobelinelli
m/mitrolu01,Luka Mitrović,mitar_mitar9
j/jacksde01,Demetrius Jackson,D_Jay11
o/okoboel01,Elie Okobo,ElieOkobo_0
b/boatrry01,Ryan Boatright,Ryanboatright11
c/carteje01,Jevon Carter,nextlevel_03
l/laymaja01,Jake Layman,JLayman10
b/brunsja01,Jalen Brunson,jalenbrunson1
z/zipsepa01,Paul Zipser,paulzzip
g/grahade01,Devonte' Graham,Devonte4Graham
b/bensoke02,Keith Benson,RealKITO
g/gbinimi01,Michael Gbinije,mikegbinije
n/niangge01,Georges Niang,GeorgesNiang20
t/trentga02,Gary Trent Jr.,gtrentjr
b/bentibe01,Ben Bentil,benbentil
t/thomakh01,Khyri Thomas,Khyri_2
o/oaklech01,Charles Oakley,CharlesOakley34
w/whitedj01,D.J. White,dj_white3
n/ndourma01,Maurice Ndour,Mauricendure
b/bolomjo01,Joel Bolomboy,Bolomboy21
b/bongais01,Isaac Bonga,isaacbonga
t/trieral01,Allonzo Trier,ISO_ZO
b/brownbo02,Bobby Brown,BBROWNLAU
j/jonestr01,Tre Jones,Tre3Jones
c/careyve01,Vernon Carey Jr.,vernoncarey22
m/mannini01,Nico Mannion,niccolomannion
s/stanlca01,Cassius Stanley,cassius_stanley
r/ramseja01,Jahmi'us Ramsey,newanimprovedJR
a/alexaty01,Ty-Shon Alexander,5Tyshon
d/diakima01,Mamadi Diakite,_mdiakite
d/dianela01,Lamine Diane,laminediane35
d/doolikr01,Kristian Doolittle,kristiandoolit1
d/dotsode01,Devon Dotson,d_dotson1
e/ebouapa01,Paul Eboua,paul_eboua
f/fittsma01,Malik Fitts,MalikFitts
d/doumbse01,Sekou Doumbouya,sekou_doums
f/fordjo01,Jordan Ford,jordan_ford_
g/greenjo02,Josh Green,JoshBGreen
h/haganas01,Ashton Hagans,H23Ash
h/harrija01,Jalen Harris,TheJalenHarris
h/hintona01,Nate Hinton,thatup_coming14
j/jeromty01,Ty Jerome,tyjerome_
l/lamban01,Anthony Lamb,AnthonyMLamb
p/porteke02,Kevin Porter Jr.,Kevinporterjr
m/marshna01,Naji Marshall,naji_marshall
m/merrisa01,Sam Merrill,smerrill05
n/nworajo01,Jordan Nwora,JordanNwora
p/perryre01,Reggie Perry,_R1bang_
p/pokusal01,Aleksej Pokusevski,aleksejpokusevs
q/queentr01,Trevelin Queen,trev_up
r/reedpa01,Paul Reed,Bball_paul
r/richani01,Nick Richards,iamnickrichards
r/rillegr01,Grant Riller,grantriller97
s/suttodw01,Dwayne Sutton,DwayneSutton
t/terryty01,Tyrell Terry,tyterry05
t/tinkltr01,Tres Tinkle,tres_tinkle3
w/wessoka01,Kaleb Wesson,Elite_Hooper99
w/whitnka01,Kahlil Whitney,KahlilWhitney
w/winstca01,Cassius Winston,cassiuswinston
w/woodaro01,Robert Woodard,Raw2512
d/dotsoda01,Damyean Dotson,wholeteamDot
g/gillefr01,Freddie Gillespie,freddieg_33
s/simpsza01,Zavier Simpson,Xaviersimpson3
y/yurtsom01,Omer Yurtseven,OmerYurtseven5
d/darlina01,Nate Darling,natedarling14
t/toolsja01,Jake Toolson,jtoolgoinham
f/frazime01,Melvin Frazier,melvinjrrr
a/abdelal01,Alaa Abdelnaby,alaatweets
a/abdulka01,Kareem Abdul-Jabbar,kaj33
a/abdursh01,Shareef Abdur-Rahim,ShareefAbdur_R
a/acyqu01,Quincy Acy,QuincyAcy
a/adamsja02,Jalen Adams,ja4hunnid
a/adamsjo01,Jordan Adams,jordanadams1231
a/adamsst01,Steven Adams,RealStevenAdams
a/adrieje01,Jeff Adrien,Adrien4
a/agerma01,Maurice Ager,moeager
a/aingeda01,Danny Ainge,danielrainge
a/aldrico01,Cole Aldrich,colea45
a/aldrila01,LaMarcus Aldridge,aldridge_12
a/allenla01,Lavoy Allen,chefVOYardee
a/allenma01,Malik Allen,THEleekAllen30
a/allenra02,Ray Allen,greenRAYn20
a/allento01,Tony Allen,aa000G9
a/amaecjo01,John Amaechi,JohnAmaechi
a/aminual01,Al-Farouq Aminu,farouq1
a/amundlo01,Lou Amundson,LouAmundson17
a/anderal01,Alan Anderson,ASqared06
a/anderke01,Kenny Anderson,chibbs_1
a/anderky01,Kyle Anderson,KyleAnderson5
a/anthoca01,Carmelo Anthony,carmeloanthony
a/anthogr01,Greg Anthony,GregAnthony50
a/archiro01,Robert Archibald,RobertArchibald
a/arenagi01,Gilbert Arenas,agentzeroshow
a/arizatr01,Trevor Ariza,TrevorAriza
a/armstbj01,B.J. Armstrong,bjarmstrong
a/artesro01,Metta World Peace,MettaWorldPeace
a/arthuda01,Darrell Arthur,DarrellArthur00
a/ashlebr01,Brandon Ashley,_Bash21
a/augusdj01,D.J. Augustin,augustinDj14
a/azubuke01,Kelenna Azubuike,KAzubuike7
a/azubuud01,Udoka Azubuike,TimUdoka
b/babbilu01,Luke Babbitt,Realbabbitt08
b/balkmre01,Renaldo Balkman,R_Balkman32
b/ballli01,LiAngelo Ball,LiAngeloBall
b/bareajo01,J.J. Barea,jjbareapr
b/barneha02,Harrison Barnes,hbarnes
b/barnema02,Matt Barnes,Matt_Barnes22
b/barroea01,Earl Barron,earldee
b/barrybr01,Brent Barry,Barryathree
b/barryri01,Rick Barry,Rick24Barry
b/bartowi01,Will Barton,WillTheThrillB5
b/battish01,Shane Battier,ShaneBattier
b/bayleje01,Jerryd Bayless,jerrydbayless
b/bayloel01,Elgin Baylor,elginbaylor
b/baynear01,Aron Baynes,aronbaynes
b/bazemke01,Kent Bazemore,24Bazemore
b/bealbr01,Bradley Beal,RealDealBeal23
b/beaslmi01,Michael Beasley,Michael8easley
b/bellch01,Charlie Bell,flintstone14
b/belljo01,Jordan Bell,1jordanbell
b/belltr01,Troy Bell,TroyBellS2P
b/bennean01,Anthony Bennett,AnthonyBennett
b/beverpa01,Patrick Beverley,patbev21
b/beyty01,Tyler Bey,Tbeeyy
b/billuch01,Chauncey Billups,1MrBigShot
b/blairde01,DeJuan Blair,DeJuan45
b/blakest01,Steve Blake,SteveBlake5
b/bledser01,Eric Bledsoe,EBled2
b/blueva01,Vander Blue,veezy_SQ
b/bluietr01,Trevon Bluiett,TrevonBluiett
b/boatwbe01,Bennie Boatwright,benniebuckets__
b/boguemu01,Muggsy Bogues,MuggsyBogues
b/bogutan01,Andrew Bogut,andrewbogut
b/bonnema01,Matt Bonner,MattBonner_SAS
b/booketr01,Trevor Booker,35_Fitz
b/boozeca01,Carlos Boozer,MisterCbooz
b/boshch01,Chris Bosh,chrisbosh
b/bowdejo01,Jordan Bowden,_iamjbow
b/bowenbr02,Brian Bowen,tugs_
b/bowenbr01,Bruce Bowen,Bowen12
b/bowenry01,Ryan Bowen,rybo40
b/bradlav01,Avery Bradley,Avery0Bradley
b/breweco01,Corey Brewer,TheCoreyBrewer
b/brewero02,Ronnie Brewer,RonnieBrewerJr
b/brookaa01,Aaron Brooks,Thirty2zero
b/brookma01,MarShon Brooks,Marshon2
b/brownal01,Alec Brown,AlecBrown21
b/brownde03,Dee Brown,deebrown11
b/brownja01,Jabari Brown,Bari_BrownIDF
b/brownja02,Jaylen Brown,FCHWPO
b/brownlo01,Lorenzo Brown,Zo_Brown
b/brownma02,Markel Brown,iMarkelBrown22
b/bryanel01,Elijah Bryant,Elijah_Bryant3
b/bryanko01,Kobe Bryant,kobebryant
b/budinch01,Chase Budinger,CBudinger
b/bullore01,Reggie Bullock,ReggieBullock35
b/burketr01,Trey Burke,TreyBurke
b/burksal01,Alec Burks,AlecBurks10
b/burksan01,Antonio Burks,antonioburks
b/burresc01,Scott Burrell,sburrell24
b/butleca01,Caron Butler,realtuffjuice
b/butleji01,Jimmy Butler,JimmyButler
b/butlera01,Rasual Butler,RasualButler45
b/buyckdw01,Dwight Buycks,BizzleWorld20
c/cagemi01,Michael Cage,Exhoopsmc
c/calatni01,Nick Calathes,Nick_Calathes15
c/caldejo01,José Calderón,JmCalderon
c/caldwke01,Kentavious Caldwell-Pope,CaldwellPope
c/cambyma01,Marcus Camby,MarcusCamby23
c/campafa01,Facundo Campazzo,facucampazzo
c/canaais01,Isaiah Canaan,SiP03
c/cannade01,Devin Cannady,devin_cannady3
c/cardibr01,Brian Cardinal,BrianCardinal
c/carran01,Antoine Carr,AntoineCarr55
c/carrau01,Austin Carr,MrCavalier34
c/carrode01,DeMarre Carroll,DeMarreCarroll1
c/carroma01,Matt Carroll,matt13carroll
c/cartevi01,Vince Carter,mrvincecarter15
c/cartemi01,Michael Carter-Williams,mcarterwilliams
c/caverah01,Ahmad Caver,MAHDTHAGOD
c/cebalce01,Cedric Ceballos,cedceballos
c/chalmma01,Mario Chalmers,mchalmers15
c/chandwi01,Wilson Chandler,wilsonchandler
c/chapmre01,Rex Chapman,RexChapman
c/childjo01,Josh Childress,JChillin
c/childyo01,Yoeli Childs,yochilds22
c/chrisdo01,Doug Christie,TheDougChristie
c/chrisdi01,Dionte Christmas,Dchristmas22
c/chrisse01,Semaj Christon,SemajChriston
c/clarkia01,Ian Clark,IanClark
c/clarkjo01,Jordan Clarkson,JordanClarksons
c/claxtsp01,Speedy Claxton,speeddeamon
c/cleavma01,Mateen Cleaves,Mateen_Cleaves
c/colemde01,Derrick Coleman,44TheLegend
c/collija03,Jarron Collins,jarronctwin
c/collida01,Darren Collison,Darren_Collison
c/collini01,Nick Collison,nickcollison4
c/conlemi01,Mike Conley,MCONLEY10
c/connapa01,Pat Connaughton,pconnaughton
c/conrowi01,Will Conroy,CHILLCONROY
c/cookke01,Keandre Cook,_Drecook
c/coopemi01,Michael Cooper,ShowtimeCooper
c/couside01,DeMarcus Cousins,boogiecousins
c/covinro01,Robert Covington,Holla_At_Rob33
c/cowanan01,Anthony Cowan Jr.,AnthonyCowanJr
c/crabbal01,Allen Crabbe,allencrabbe
c/crawfja01,Jamal Crawford,JCrossover
c/crawfjo02,Jordan Crawford,jcraw55
c/croshau01,Austin Croshere,AustinCroshere
c/crottjo01,John Crotty,JohnCrottyHEAT
c/crowdja01,Jae Crowder,CJC9BOSS
c/cunnida01,Dante Cunningham,DlamarC33
c/cunnija01,Jared Cunningham,J1Flight
c/curryed01,Eddy Curry,Eddy_Curry
c/curryse01,Seth Curry,sdotcurry
c/curryst01,Stephen Curry,StephenCurry30
d/daniede01,DeAndre Daniels,D_Daniels2
d/daniema01,Marquis Daniels,Marquis_Daniels
d/danietr01,Troy Daniels,troydaniels
d/datomlu01,Gigi Datome,GigiDatome
d/davisan02,Anthony Davis,AntDavis23
d/davisba01,Baron Davis,BaronDavis
d/davised01,Ed Davis,eddavisXVII
d/davisgl01,Glen Davis,iambigbaby11
d/dayeau01,Austin Daye,Adaye5
d/dedmode01,Dewayne Dedmon,d_dedmon3
d/delnevi01,Vinny Del Negro,VinnyDHoops
d/delauja01,Javin DeLaurier,javind_12
d/delfica01,Carlos Delfino,cabezadelfino
d/dellama01,Matthew Dellavedova,matthewdelly
d/denglu01,Luol Deng,LuolDeng9
d/derozde01,DeMar DeRozan,DeMar_DeRozan
d/diawbo01,Boris Diaw,theborisdiaw
d/dienggo01,Gorgui Dieng,GorguiDieng
d/dinwisp01,Spencer Dinwiddie,SDinwiddie_25
d/diopde01,DeSagana Diop,sagana7
d/divacvl01,Vlade Divac,bgoodvlade
d/dowtije01,Jeff Dowtin,JeffD_11
d/drumman01,Andre Drummond,AndreDrummond
d/dudleja01,Jared Dudley,JaredDudley619
d/duprero01,Ronald Dupree,RDupree12
d/duranke01,Kevin Durant,KDTrey5
e/earlycl01,Cleanthony Early,Clearly_BallLyf
e/eatonma01,Mark Eaton,markeaton7ft4
e/ellinwa01,Wayne Ellington,WayneEllington
e/elliose01,Sean Elliott,seanelliott_32
e/ellispe02,Perry Ellis,PElliz
e/embiijo01,Joel Embiid,JoelEmbiid
e/englial01,Alex English,AlexEnglish_2
e/ennisty01,Tyler Ennis,TylerEnnis
e/ervinju01,Julius Erving,JuliusErving
e/evansje01,Jeremy Evans,JeremyEvans40
e/evansre01,Reggie Evans,ReggieEvans30
e/evansty01,Tyreke Evans,TyrekeEvans
f/farieke01,Kenneth Faried,KennethFaried35
f/favorde01,Derrick Favors,dfavors14
f/felixca01,Carrick Felix,CarrickFelixIMC
f/feltora01,Raymond Felton,RFeltonGBMS
f/fernaru01,Rudy Fernández,rudy5fernandez
f/fieldla01,Landry Fields,landryfields
f/finlemi01,Michael Finley,MichaelFinley
f/fishede01,Derek Fisher,derekfisher
f/flynnma01,Malachi Flynn,malachiflynn
f/fordtj01,T.J. Ford,tj_ford
f/foxri01,Rick Fox,RickFox
f/foyera01,Randy Foye,randyfoye
f/foylead01,Adonal Foyle,afoyle3131
f/francst01,Steve Francis,SteveFranchise3
f/fraziwa01,Walt Frazier,WaltFrazier
f/fredeji01,Jimmer Fredette,jimmerfredette
f/fryech01,Channing Frye,channingfrye
g/gadzuda01,Dan Gadzuric,DGadzuric
g/gallida01,Danilo Gallinari,gallinari8888
g/garneke01,Kevin Garnett,KevinGarnett5KG
g/garredi02,Diante Garrett,kingarrett10
g/gasolma01,Marc Gasol,MarcGasol
g/gasolpa01,Pau Gasol,paugasol
g/gayru01,Rudy Gay,RudyGay
g/geeal01,Alonzo Gee,GeeAlonzo
g/georgpa01,Paul George,Yg_Trece
g/gibsoda01,Daniel Gibson,BooBysWorld1
g/gibsota01,Taj Gibson,TajGibson
g/gillke01,Kendall Gill,kendallg13
g/gillro01,Romaro Gill,romarogill1994
g/gilmoar01,Artis Gilmore,ArtisGilmore53
g/ginobma01,Manu Ginóbili,manuginobili
g/gomesry01,Ryan Gomes,GotGomes
g/goodedr01,Drew Gooden,DrewGooden
g/gordoaa01,Aaron Gordon,Double0AG
g/gordoer01,Eric Gordon,TheofficialEG10
g/grangda01,Danny Granger,dgranger33
g/grantbr01,Brian Grant,bwgrant
g/grantho01,Horace Grant,horacegrant54
g/grantje01,Jerami Grant,JeramiGrant
g/greenac01,A.C. Green,NBA_Ironman
g/greenda02,Danny Green,DGreen_14
g/greendr01,Draymond Green,Money23Green
g/greenje02,Jeff Green,unclejeffgreen
g/griffbl01,Blake Griffin,blakegriffin23
h/hallty01,Tyler Hall,tyler_hall1
h/hamiljo02,Jordan Hamilton,J_Goin_HAM
h/hamilju01,Justin Hamilton,Justin__41
h/hamilri01,Richard Hamilton,ripcityhamilton
h/hammora01,Rayshaun Hammonds,shaun_coolin
h/hansbty01,Tyler Hansbrough,THANS50
h/hansetr01,Travis Hansen,travishansen24
h/hardaan01,Anfernee Hardaway,Iam1Cent
h/hardati01,Tim Hardaway,HardawaySr
h/hardati02,Tim Hardaway Jr.,T_HardJR
h/hardeja01,James Harden,JHarden13
h/harklma01,Maurice Harkless,moe_harkless
h/harpede01,Derek Harper,D_Harp_12
h/harpero01,Ron Harper,HARPER04_5
h/harprma01,Matt Harpring,mharpring15
h/harrejo01,Josh Harrellson,BigJorts55
h/harrial01,Al Harrington,cheddahcheese7
h/harride01,Devin Harris,Dev34Harris
h/harriel01,Elias Harris,EliasJMHarris
h/harriga01,Gary Harris,thats_G_
h/harrijo01,Joe Harris,JoeHarris4
h/harrike01,Kevon Harris,_kevonn22
h/harrima01,Manny Harris,313MannyHarris
h/harrimi01,Mike Harris,TheRealMH33
h/harrito02,Tobias Harris,tobias31
h/hasleud01,Udonis Haslem,ThisIsUD
h/hawessp01,Spencer Hawes,spencerhawes00
h/hayesch01,Chuck Hayes,c_hayes44
h/haywago01,Gordon Hayward,gordonhayward
h/haywosp01,Spencer Haywood,SpencerHaywood
h/hendege02,Gerald Henderson,GhJr09
h/henryxa01,Xavier Henry,XavierHenry
h/hensojo01,John Henson,Johnhenson31
h/herrech01,Chris Herren,c_herren
h/hibbero01,Roy Hibbert,Roy_Meets_World
h/hillge01,George Hill,George_Hill3
h/hillgr01,Grant Hill,realgranthill33
h/hillso01,Solomon Hill,solohill
h/hodgeju01,Julius Hodge,Follow24Hodge
h/hoibefr01,Fred Hoiberg,ISUMayor32
h/holidjr01,Jrue Holiday,Jrue_Holiday11
h/holidju01,Justin Holiday,JustHolla7
h/hollili01,Lionel Hollins,LionelHollins14
h/holliry01,Ryan Hollins,TheRyanHollins
h/holtomi01,Michael Holton,mdhhoops
h/homesca01,Caleb Homesley,get_buckets05
h/hoodro01,Rodney Hood,rodneyhood
h/horfoal01,Al Horford,Al_Horford
h/houstal01,Allan Houston,ALLAN_HOUSTON
h/howardw01,Dwight Howard,DwightHoward
h/howarju01,Juwan Howard,JuwanHoward
h/huestjo01,Josh Huestis,jhuestis
h/hummero01,Robbie Hummel,RobbieHummel
h/humphkr01,Kris Humphries,KrisHumphries
h/hurlebo01,Bobby Hurley,BobbyHurley11
i/iguodan01,Andre Iguodala,andre
i/irvinky01,Kyrie Irving,KyrieIrving
i/iversal01,Allen Iverson,alleniverson
i/iveyro01,Royal Ivey,ROYALTIVEY
j/jackja01,Jarrett Jack,Jarrettjack03
j/jacksbo01,Bobby Jackson,TheBobbyJackson
j/jacksji01,Jim Jackson,jimjackson419
j/jacksma01,Mark Jackson,MarkJackson13
j/jacksre01,Reggie Jackson,Reggie_Jackson
j/jamesbe01,Bernard James,BernardJame5
j/jamesle01,LeBron James,KingJames
j/jamesmi01,Mike James,mikejames7
j/jeffeco01,Cory Jefferson,CoryJay34
j/jenkijo01,John Jenkins,JohnnyCashVU23
j/johnsed03,Eddie Johnson,Jumpshot8
j/johnsja01,James Johnson,IamJJ16
j/johnsjo02,Joe Johnson,TheJoeJohnson7
j/johnske02,Kevin Johnson,KJ_MayorJohnson
j/johnsma02,Magic Johnson,MagicJohnson
j/johnsma01,Marques Johnson,olskool888
j/johnsor01,Orlando Johnson,OrlandoVJohnson
j/johnsre01,Reggie Johnson,Regg_42
j/johnswe01,Wesley Johnson,WesJohnson4
j/jokicni01,Nikola Jokić,JokicNikola15
j/jonesda02,Dahntay Jones,dahntay1
j/jonesda01,Damon Jones,D19J
j/jonespe01,Perry Jones,Perry_Jones1
j/joneste01,Terrence Jones,TerrenceJones1
j/jordade01,DeAndre Jordan,DeAndre
j/josepco01,Cory Joseph,Cory_Joe
k/kamanch01,Chris Kaman,ChrisKaman
k/kelleky01,Kylor Kelley,K3LL3Y24
k/kellyry01,Ryan Kelly,RyanKelly34
k/kelsegr01,Greg Kelser,gkelser32
k/kemptti01,Tim Kempton,SunsTK
k/kerrst01,Steve Kerr,SteveKerr
k/kiddja01,Jason Kidd,RealJasonKidd
k/kiddgmi01,Michael Kidd-Gilchrist,MKG14
k/kingst01,Stacey King,Stacey21King
k/knighbr03,Brandon Knight,Goodknight11
k/knighbr01,Brevin Knight,brevinknight22
k/korveky01,Kyle Korver,KyleKorver
k/koufoko01,Kosta Koufos,kostakoufos
l/laettch01,Christian Laettner,laettnerbball
l/lambdo01,Doron Lamb,DLamb20
l/lambje01,Jeremy Lamb,jlamb
l/larkish01,Shane Larkin,ShaneLarkin_3
l/lavinza01,Zach LaVine,ZachLaVine
l/lawsoty01,Ty Lawson,TyLawson3
l/leeco01,Courtney Lee,CourtneyLee5
l/leeda02,David Lee,Dlee042
l/lenal01,Alex Len,alexlen
l/leonaka01,Kawhi Leonard,kawhileonard
l/leoname01,Meyers Leonard,MeyersLeonard
l/leuerjo01,Jon Leuer,JonLeuer30
l/liggide01,DeAndre Liggins,Dreliggs34
l/lillada01,Damian Lillard,Dame_Lillard
l/linje01,Jeremy Lin,JLin7
l/lopezbr01,Brook Lopez,RealBrookLopez
l/lopezro01,Robin Lopez,rolopez42
l/loveke01,Kevin Love,kevinlove
l/lowryky01,Kyle Lowry,Klow7
l/lucasjo01,John Lucas,JLEnterprises
l/lucasjo02,John Lucas III,Luke1luk
m/macksh01,Shelvin Mack,ShelvinMack
m/madsema01,Mark Madsen,madsen_mark
m/maggeco01,Corey Maggette,Corey_Maggette
m/magnawi01,Will Magnay,MagnayWill
m/majerda01,Dan Majerle,DanMajerle
m/malonka01,Karl Malone,TheDeliverer_32
m/maneka01,Karim Mané,KarimMane_
m/mannida01,Danny Manning,coachdmanning
m/marblde01,Devyn Marble,DevMarble
m/marbust01,Stephon Marbury,StarburyMarbury
m/mariosh01,Shawn Marion,matrix31
m/marshdo01,Donyell Marshall,Dmarsh42
m/marshke01,Kendall Marshall,KButter5
m/martica01,Cartier Martin,CartierMartin
m/martike01,Kenyon Martin,KenyonMartinSr
m/martike04,Kenyon Martin Jr.,kj__martin
m/mashbja01,Jamal Mashburn,jamalmashburn
m/masonro01,Roger Mason,MoneyMase
m/matthch01,Charles Matthews,1CMatthews
m/matthwe02,Wesley Matthews,WessyWes23
m/maxieja01,Jason Maxiell,JasonMaxiell
m/maxweve01,Vernon Maxwell,vernonmaxwell11
m/mayse01,Sean May,BigMay42
m/maynoer01,Eric Maynor,EMaynor3
m/mbahalu01,Luc Mbah a Moute,mbahamoute
m/mcadoja01,James Michael McAdoo,jamesmcadoo
m/mccalra01,Ray McCallum,RayMac3
m/mccolcj01,CJ McCollum,CJMcCollum
m/mccorti01,Tim McCormick,TimMcCormick40
m/mcdankj01,K.J. McDaniels,KJMcDaniels
m/mcderdo01,Doug McDermott,dougmcdermott
m/mcdowha01,Hank McDowell,Skinnypalmer
m/mcgarmi01,Mitch McGary,mitchmcgary
m/mcgeeja01,JaVale McGee,JaValeMcGee
m/mcgratr01,Tracy McGrady,Real_T_Mac
m/mcilvji01,Jim McIlvaine,JimMcIlvaine
m/mckenke01,Kevin McKenna,coachkmc3
m/mclembe01,Ben McLemore,BenMcLemore
m/mcraejo01,Jordan McRae,JordyMac52
m/mcrobjo01,Josh McRoberts,JoshMcRoberts11
m/meeksjo01,Jodie Meeks,Jmeeks20
m/middlkh01,Khris Middleton,Khris22m
m/milleda01,Darius Miller,DmillerKY
m/millemi01,Mike Miller,MikeMiller_13
m/millequ01,Quincy Miller,qmillertime
m/millere01,Reggie Miller,ReggieMillerTNT
m/millspa02,Patty Mills,Patty_Mills
m/millste01,Terry Mills,terrymills_
m/millspa01,Paul Millsap,Paulmillsap4
m/mingya01,Yao Ming,YaoMing
m/mirotni01,Nikola Mirotić,NikolaMirotic33
m/mitchsa01,Sam Mitchell,SamMitchellNBA
m/mitchto02,Tony Mitchell,TonyMitchUNENO
m/mitchto03,Tony Mitchell,tmitch_5
m/mohamna01,Nazr Mohammed,NazrMohammed
m/monrogr01,Greg Monroe,M10OSE
m/montgej01,E.J. Montgomery,EJMontgomery23
m/mooreet01,E'Twaun Moore,ETwaun55
m/morrida01,Darius Morris,dariusmorris4
m/morrima03,Marcus Morris,MookMorris2
m/morrima02,Markieff Morris,Keefmorris
m/morroan01,Anthony Morrow,MrAnthonyMorrow
m/motlejo01,Johnathan Motley,Moneymot5
m/moultar01,Arnett Moultrie,amoultrie
m/muhamsh01,Shabazz Muhammad,ShabazzMuhammad
m/murkead01,Ade Murkey,0_murk
m/murratr01,Tracy Murray,RealTracyMurray
m/murryto01,Toure' Murry,toure_murry
m/muscami01,Mike Muscala,mikemuscala
m/mutomdi01,Dikembe Mutombo,officialmutombo
n/ndiayha01,Hamady N'Diaye,H55ndiaye
n/napiesh01,Shabazz Napier,ShabazzNapier
n/nashst01,Steve Nash,SteveNash
n/nelsoja01,Jameer Nelson,jameernelson
n/newmajo01,Johnny Newman,jnewNBA
n/nichoan01,Andrew Nicholson,nicholaf44
n/nixonno01,Norm Nixon,NormNixon
n/noahjo01,Joakim Noah,JoakimNoah
n/nocioan01,Andrés Nocioni,SoyElChapu
n/novakst01,Steve Novak,stevenovak16
n/nowitdi01,Dirk Nowitzki,swish41
n/nunnaja01,James Nunnally,allornunn21
o/obryapa01,Patrick O'Bryant,13POB13
o/onealsh01,Shaquille O'Neal,SHAQ
o/oquinky01,Kyle O'Quinn,Kyle_OQuinn
o/odomla01,Lamar Odom,RealLamarOdom
o/okafoem01,Emeka Okafor,BigMek50
o/okurme01,Mehmet Okur,MehmetOkur13
o/oladivi01,Victor Oladipo,VicOladipo
o/olajuha01,Hakeem Olajuwon,DR34M
o/olynyke01,Kelly Olynyk,KellyOlynyk
o/onuakar01,Arinze Onuaku,arinze_onuaku
o/ortonda01,Daniel Orton,danielorton21
p/pargoja01,Jannero Pargo,jpargo1
p/parkean01,Anthony Parker,_AnthonyParker
p/parkeja01,Jabari Parker,JabariParker
p/parketo01,Tony Parker,tonyparker
p/parsoch01,Chandler Parsons,ChandlerParsons
p/pattede01,Devonte Patterson,DPattersonn
p/pattela01,Lamar Patterson,LP21_
p/pattepa01,Patrick Patterson,pdpatt
p/paulch01,Chris Paul,CP3
p/paynead01,Adreian Payne,Adreian_Payne
p/paytoel01,Elfrid Payton,elfrid
p/paytoga01,Gary Payton,GaryPayton_
p/pembeel01,Elijah Pemberton,ElijahPemberto1
p/perduwi01,Will Perdue,Will_Perdue32
p/peterji01,Jim Petersen,JimPeteHoops
p/petermo01,Morris Peterson,mopete24
p/piercpa01,Paul Pierce,paulpierce34
p/pippesc01,Scottie Pippen,ScottiePippen
p/plumlma01,Mason Plumlee,masonplumlee
p/plumlmi01,Miles Plumlee,milesplumlee13
p/polynol01,Olden Polynice,OldenPolynice1
p/pondequ01,Quincy Pondexter,QuincyPondexter
p/portejo01,Jontay Porter,JontayPorter
p/porteot01,Otto Porter,OttoPorter
p/powele01,Leon Powe,Leon_Powe
p/poweldw01,Dwight Powell,DwightPowell33
p/poweljo01,Josh Powell,JP21Reasons
p/pressph01,Phil Pressey,philpressey
p/priceaj01,A.J. Price,realAJPrice
p/pricema01,Mark Price,Mark25Price
p/profila01,Laron Profit,Profit4eva
r/randlju01,Julius Randle,J30_RANDLE
r/randoan01,Anthony Randolph,TheARandolph
r/randoza01,Zach Randolph,MacBo50
r/ratlith01,Theo Ratliff,shotblocker42
r/rautile01,Leo Rautins,LeoRautins
r/redicjj01,J.J. Redick,jj_redick
r/ricegl01,Glen Rice,glenrice41
r/richaja01,Jason Richardson,jrich23
r/richaqu01,Quentin Richardson,QRich
r/richmmi01,Mitch Richmond,MitchRichmond23
r/riverau01,Austin Rivers,AustinRivers25
r/riverdo01,Doc Rivers,DocRivers
r/roberan03,Andre Roberson,FlyDre21
r/robincl02,Clifford Robinson,UncleCliffy30
r/robinda01,David Robinson,DavidtheAdmiral
r/robinna01,Nate Robinson,nate_robinson
r/robinth01,Thomas Robinson,Trobinson0
r/robingl02,Glenn Robinson III,GRIII
r/rodrise01,Sergio Rodríguez,SergioRodriguez
r/rondora01,Rajon Rondo,RajonRondo
r/rosede01,Derrick Rose,drose
r/roseja01,Jalen Rose,jalenrose
r/rosequ01,Quinton Rose,qrose_3
r/rosste01,Terrence Ross,TerrenceRoss
r/rubiori01,Ricky Rubio,rickyrubio9
r/rushbr01,Brandon Rush,BRush_25
r/rushka01,Kareem Rush,kareemrush
r/russebi01,Bill Russell,realbillrussell
r/russebr01,Bryon Russell,BRuss3
s/sacrero01,Robert Sacre,Bobby_Sacre
s/sallejo01,John Salley,thejohnsalley
s/sandela01,Larry Sanders,l8show_thegoat
s/saricda01,Dario Šarić,dariosaric
s/scalabr01,Brian Scalabrine,Scalabrine
s/schrede01,Detlef Schrempf,Dschrempf
s/scolalu01,Luis Scola,LScola4
s/scottde01,Dennis Scott,dennis3dscott
s/scottmi01,Mike Scott,mikescott
s/scotttr01,Tre Scott,trescott13
s/sessira01,Ramon Sessions,SessionsRamon
s/sestina01,Nate Sestina,NateSestina23
s/shumpim01,Iman Shumpert,imanshumpert
s/simmobo01,Bobby Simmons,bobbysimmons21
s/simshe01,Henry Sims,H_Sims14
s/singlky01,Kyle Singler,KyleSingler
s/singlch01,Chris Singleton,C_SING31
s/sivape01,Peyton Siva,PeypeySiva3
s/slayta01,Tamar Slay,slay9
s/sloando01,Donald Sloan,dsloan15
s/smartma01,Marcus Smart,smart_MS3
s/smithcr01,Craig Smith,Csmeezy1
s/smithgr02,Greg Smith,Ju_Smith4
s/smithis01,Ish Smith,IshSmith
s/smithjr01,J.R. Smith,TheRealJRSmith
s/smithja02,Jason Smith,JasonSmith014
s/smithjo02,Joe Smith,JoeBeast95
s/smithke01,Kenny Smith,TheJetOnTNT
s/smithst01,Steve Smith,steve21smith
s/smithto02,Tony Smith,AnalystTSmith34
s/sneedxa01,Xavier Sneed,Luh_Sneed
s/snellto01,Tony Snell,TonySnell21_
s/speigma01,Marreese Speights,Mospeights16
s/splitti01,Tiago Splitter,tiagosplitter
s/sprigla01,Larry Spriggs,spriggy35
s/stackje01,Jerry Stackhouse,jerrystackhouse
s/stanste01,Terence Stansbury,360StatueofLibe
s/starkjo01,John Starks,StarksTheDunk
s/stausni01,Nik Stauskas,NStauskas11
s/stephla01,Lance Stephenson,StephensonLance
s/stiemgr01,Greg Stiemsma,gregstiemsma
s/stokeja01,Jarnell Stokes,JarnellStokes
s/stoneju01,Julyan Stone,Julyan_Stone
s/stricro02,Rod Strickland,rod_strickland
s/sullija01,Jared Sullinger,Jared_Sully0
s/szczewa02,Wally Szczerbiak,wallyball
t/taftch01,Chris Taft,BlessedTaft
t/tayloty01,Tyshawn Taylor,tyshawntaylor
t/teaguje01,Jeff Teague,Teague0
t/teaguma01,Marquis Teague,marquisteague25
t/telfase01,Sebastian Telfair,BassyS31T
t/templga01,Garrett Temple,GTemp17
t/terryja01,Jason Terry,jasonterry31
t/teskejo01,Jon Teske,JonTeske
t/thabeha01,Hasheem Thabeet,HasheemTheDream
t/thamexa01,Xavier Thames,Xthames2
t/theusre01,Reggie Theus,ReggieTheus
t/thomaad01,Adonis Thomas,AllDayThomas
t/thomabr01,Brodric Thomas,TheReal__BT3
t/thomais02,Isaiah Thomas,isaiahthomas
t/thomais01,Isiah Thomas,IsiahThomas
t/thomala01,Lance Thomas,MrLance42
t/thompja02,Jason Thompson,jtthekid
t/thompkl01,Klay Thompson,KlayThompson
t/thompmy01,Mychal Thompson,champagnennuts
t/thomptr01,Tristan Thompson,RealTristan13
t/thornal01,Al Thornton,AThornton14
t/thornma01,Marcus Thornton,OfficialMT23
t/tinslja01,Jamaal Tinsley,jatinsley
t/tollian01,Anthony Tolliver,ATolliver44
t/turiaro01,Ronny Turiaf,Ronny_Turiaf
t/turneev01,Evan Turner,thekidet
t/tyreebr01,Breein Tyree,Breeintyree
u/udohek01,Ekpe Udoh,EkpeUdoh
v/valanjo01,Jonas Valančiūnas,JValanciunas
v/vanexni01,Nick Van Exel,vanexel31
v/varnaja01,Jarvis Varnado,RealSwat32
v/vasqugr01,Greivis Vásquez,greivisvasquez
v/vitalch01,Christian Vital,I_AMCV
v/vucevni01,Nikola Vučević,NikolaVucevic
w/wadedw01,Dwyane Wade,DwyaneWade
w/wafervo01,Von Wafer,vonwafer13
w/waitedi01,Dion Waiters,dionwaiters3
w/walkean02,Antoine Walker,WalkerAntoine8
w/walkeke02,Kemba Walker,KembaWalker
w/walljo01,John Wall,JohnWall
w/waltobi01,Bill Walton,BillWalton
w/warretj01,T.J. Warren,TonyWarrenJr
w/warriha01,Hakim Warrick,hdubb21
w/watsocj01,C.J. Watson,quietstorm_32
w/watsoea01,Earl Watson,Earl_Watson
w/waynsma01,Maalik Wayns,MaalikWayns2
w/webbech01,Chris Webber,realchriswebber
w/wellsbo01,Bonzi Wells,BonziWells
w/wennibi01,Bill Wennington,34billy42
w/westda01,David West,D_West30
w/westde01,Delonte West,delontewest
w/westma01,Mark West,mwest41
w/westbru01,Russell Westbrook,russwest44
w/wiggian01,Andrew Wiggins,22wiggins
w/wilcocj01,C.J. Wilcox,UCjwilcox23W
w/wilkida02,Damien Wilkins,dwilkins3000
w/wilkido01,Dominique Wilkins,DWilkins21
w/willide01,Deron Williams,DeronWilliams
w/willide02,Derrick Williams,DWXXIII
w/williel01,Elliot Williams,ewill901
w/willija03,Jay Williams,RealJayWilliams
w/willije01,Jerome Williams,JunkYardDogJW
w/willima01,Mo Williams,mowilliams
w/willire02,Reggie Williams,reggiew55
w/willish02,Shelden Williams,SheldenWilliams
w/witheje01,Jeff Withey,JeffWithey
w/woltena01,Nate Wolters,NateWolters
w/worthja01,James Worthy,JamesWorthy42
w/wrighbr03,Brandan Wright,bwright34
w/wrighch01,Chris Wright,flyght33wright
w/wrighdo01,Dorell Wright,DWRIGHTWAY1
w/wroteto01,Tony Wroten,TWroten_LOE
y/youngja01,James Young,realjamesyoung
y/youngni01,Nick Young,NickSwagyPYoung
y/youngth01,Thaddeus Young,yungsmoove21
z/zelleco01,Cody Zeller,CodyZeller
z/zellety01,Tyler Zeller,ZellerTyler
